{
  "target": "bmv2",
  "p4info": "build/basic.p4.p4info.txt",
  "bmv2_json": "build/basic.json",
  "table_entries": [
    {
      "table": "MyIngress.HaP_lpm",
      "default_action": true,
      "action_name": "MyIngress.drop",
      "action_params": { }
    },
    {
      "table": "MyIngress.HaP_lpm",
      "match": {
        "hdr.HaP.dstAddr": ["0.0.3.0", 24]
      },
      "action_name": "MyIngress.HaP_forward",
      "action_params": {
        "dstAddr": "00:00:00:00:00:03",
        "port": 2
      }
    },
    {
      "table": "MyIngress.HaP_lpm",
      "match": {
        "hdr.HaP.dstAddr": ["0.0.0.0", 16]
      },
      "action_name": "MyIngress.HaP_forward",
      "action_params": {
        "dstAddr": "00:00:00:00:00:08",
        "port": 1
      }
    }
  ]
}
