{
    "hosts": {
        "h1": {"ip": "0.0.1.0/24", "mac": "00:00:00:00:00:01"
               },
        "h2": {"ip": "0.0.2.0/24", "mac": "00:00:00:00:00:02"
            },
        "h3": {"ip": "0.0.3.0/24", "mac": "00:00:00:00:00:03"
            }

    },
    "switches": {
        "s1": { "runtime_json" : "s1-runtime.json" },
        "s2": { "runtime_json" : "s2-runtime.json" },
        "s3": { "runtime_json" : "s3-runtime.json" }
    },
    "links": [
        ["h1", "s1-p1"], ["s1-p2", "s2-p1"], ["h2", "s2-p2"], ["s2-p3", "s3-p1"], ["s3-p2", "h3"]
    ]
}
