{
  "target": "bmv2",
  "p4info": "build/basic.p4.p4info.txt",
  "bmv2_json": "build/basic.json",
  "table_entries": [
    {
      "table": "MyIngress.mac_table",
      "default_action": true,
      "action_name": "MyIngress.drop",
      "action_params": { }
    },
    {
      "table": "MyIngress.mac_table",
      "match": {
        "hdr.ethernet.dstAddr": "00:00:00:00:00:01"
      },
      "action_name": "MyIngress.mac_forward",
      "action_params": {
        "port": 1
      }
    },
    {
      "table": "MyIngress.mac_table",
      "match": {
        "hdr.ethernet.dstAddr": "00:00:00:00:00:02"
      },
      "action_name": "MyIngress.mac_forward",
      "action_params": {
        "port": 2
      }
    },
    {
      "table": "MyIngress.mac_table",
      "match": {
        "hdr.ethernet.dstAddr": "00:00:00:00:00:03"
      },
      "action_name": "MyIngress.mac_forward",
      "action_params": {
        "port": 3
      }
    }
  ]
}
